Index,Error,Beta
0,2.0001131358791717,3
25,1.8544180670340196,3
50,1.7439068341330721,3
75,0.8189709037952019,3
100,0.49010242583138364,3
125,0,3